{
    "name": "root",
    "gauges": {
        "MLTDBehavior.Policy.Entropy.mean": {
            "value": 4.418449878692627,
            "min": 4.418449878692627,
            "max": 4.418449878692627,
            "count": 1
        },
        "MLTDBehavior.Policy.Entropy.sum": {
            "value": 222875.4375,
            "min": 222875.4375,
            "max": 222875.4375,
            "count": 1
        },
        "MLTDBehavior.Step.mean": {
            "value": 49991.0,
            "min": 49991.0,
            "max": 49991.0,
            "count": 1
        },
        "MLTDBehavior.Step.sum": {
            "value": 49991.0,
            "min": 49991.0,
            "max": 49991.0,
            "count": 1
        },
        "MLTDBehavior.Policy.ExtrinsicValueEstimate.mean": {
            "value": -0.07373320311307907,
            "min": -0.07373320311307907,
            "max": -0.07373320311307907,
            "count": 1
        },
        "MLTDBehavior.Policy.ExtrinsicValueEstimate.sum": {
            "value": -60.240028381347656,
            "min": -60.240028381347656,
            "max": -60.240028381347656,
            "count": 1
        },
        "MLTDBehavior.Environment.EpisodeLength.mean": {
            "value": 635.68,
            "min": 635.68,
            "max": 635.68,
            "count": 1
        },
        "MLTDBehavior.Environment.EpisodeLength.sum": {
            "value": 47676.0,
            "min": 47676.0,
            "max": 47676.0,
            "count": 1
        },
        "MLTDBehavior.Environment.CumulativeReward.mean": {
            "value": -2.579999969204267,
            "min": -2.579999969204267,
            "max": -2.579999969204267,
            "count": 1
        },
        "MLTDBehavior.Environment.CumulativeReward.sum": {
            "value": -193.49999769032001,
            "min": -193.49999769032001,
            "max": -193.49999769032001,
            "count": 1
        },
        "MLTDBehavior.Policy.ExtrinsicReward.mean": {
            "value": -2.579999969204267,
            "min": -2.579999969204267,
            "max": -2.579999969204267,
            "count": 1
        },
        "MLTDBehavior.Policy.ExtrinsicReward.sum": {
            "value": -193.49999769032001,
            "min": -193.49999769032001,
            "max": -193.49999769032001,
            "count": 1
        },
        "MLTDBehavior.Losses.PolicyLoss.mean": {
            "value": 0.023680488745109567,
            "min": 0.023680488745109567,
            "max": 0.023680488745109567,
            "count": 1
        },
        "MLTDBehavior.Losses.PolicyLoss.sum": {
            "value": 0.09472195498043827,
            "min": 0.09472195498043827,
            "max": 0.09472195498043827,
            "count": 1
        },
        "MLTDBehavior.Losses.ValueLoss.mean": {
            "value": 0.2591248811533054,
            "min": 0.2591248811533054,
            "max": 0.2591248811533054,
            "count": 1
        },
        "MLTDBehavior.Losses.ValueLoss.sum": {
            "value": 1.0364995246132216,
            "min": 1.0364995246132216,
            "max": 1.0364995246132216,
            "count": 1
        },
        "MLTDBehavior.Policy.LearningRate.mean": {
            "value": 0.00028459575513475,
            "min": 0.00028459575513475,
            "max": 0.00028459575513475,
            "count": 1
        },
        "MLTDBehavior.Policy.LearningRate.sum": {
            "value": 0.001138383020539,
            "min": 0.001138383020539,
            "max": 0.001138383020539,
            "count": 1
        },
        "MLTDBehavior.Policy.Epsilon.mean": {
            "value": 0.19486525,
            "min": 0.19486525,
            "max": 0.19486525,
            "count": 1
        },
        "MLTDBehavior.Policy.Epsilon.sum": {
            "value": 0.779461,
            "min": 0.779461,
            "max": 0.779461,
            "count": 1
        },
        "MLTDBehavior.Policy.Beta.mean": {
            "value": 0.0047437759749999996,
            "min": 0.0047437759749999996,
            "max": 0.0047437759749999996,
            "count": 1
        },
        "MLTDBehavior.Policy.Beta.sum": {
            "value": 0.018975103899999998,
            "min": 0.018975103899999998,
            "max": 0.018975103899999998,
            "count": 1
        },
        "MLTDBehavior.IsTraining.mean": {
            "value": 1.0,
            "min": 1.0,
            "max": 1.0,
            "count": 1
        },
        "MLTDBehavior.IsTraining.sum": {
            "value": 1.0,
            "min": 1.0,
            "max": 1.0,
            "count": 1
        }
    },
    "metadata": {
        "timer_format_version": "0.1.0",
        "start_time_seconds": "1695297317",
        "python_version": "3.9.9 (tags/v3.9.9:ccb0e6a, Nov 15 2021, 18:08:50) [MSC v.1929 64 bit (AMD64)]",
        "command_line_arguments": "D:\\Unity Projects\\ml-tower-defense\\venv\\Scripts\\mlagents-learn --force --run-id=training_1_bestrafung_enemydestroyed_u_kein_zeitreward_1",
        "mlagents_version": "0.30.0",
        "mlagents_envs_version": "0.30.0",
        "communication_protocol_version": "1.5.0",
        "pytorch_version": "1.7.1+cu110",
        "numpy_version": "1.21.2",
        "end_time_seconds": "1695297787"
    },
    "total": 469.2128151,
    "count": 1,
    "self": 0.0041615999999748965,
    "children": {
        "run_training.setup": {
            "total": 0.021824400000000077,
            "count": 1,
            "self": 0.021824400000000077
        },
        "TrainerController.start_learning": {
            "total": 469.1868291,
            "count": 1,
            "self": 0.41273719999946934,
            "children": {
                "TrainerController._reset_env": {
                    "total": 9.8133402,
                    "count": 1,
                    "self": 9.8133402
                },
                "TrainerController.advance": {
                    "total": 458.8509157000005,
                    "count": 29831,
                    "self": 0.38855109999491333,
                    "children": {
                        "env_step": {
                            "total": 442.5070081000024,
                            "count": 29831,
                            "self": 348.05004730001156,
                            "children": {
                                "SubprocessEnvManager._take_step": {
                                    "total": 94.1801342999972,
                                    "count": 29832,
                                    "self": 1.1149792999976,
                                    "children": {
                                        "TorchPolicy.evaluate": {
                                            "total": 93.0651549999996,
                                            "count": 29676,
                                            "self": 93.0651549999996
                                        }
                                    }
                                },
                                "workers": {
                                    "total": 0.27682649999363385,
                                    "count": 29830,
                                    "self": 0.0,
                                    "children": {
                                        "worker_root": {
                                            "total": 380.18474699999996,
                                            "count": 29830,
                                            "is_parallel": true,
                                            "self": 130.40174779999833,
                                            "children": {
                                                "steps_from_proto": {
                                                    "total": 0.0015476000000020917,
                                                    "count": 2,
                                                    "is_parallel": true,