{
    "name": "root",
    "gauges": {
        "MLTDBehavior.Policy.Entropy.mean": {
            "value": 4.212649345397949,
            "min": 4.200687885284424,
            "max": 4.212649345397949,
            "count": 2
        },
        "MLTDBehavior.Policy.Entropy.sum": {
            "value": 210565.0625,
            "min": 210565.0625,
            "max": 210992.140625,
            "count": 2
        },
        "MLTDBehavior.Step.mean": {
            "value": 99962.0,
            "min": 49966.0,
            "max": 99962.0,
            "count": 2
        },
        "MLTDBehavior.Step.sum": {
            "value": 99962.0,
            "min": 49966.0,
            "max": 99962.0,
            "count": 2
        },
        "MLTDBehavior.Policy.ExtrinsicValueEstimate.mean": {
            "value": 0.08926122635602951,
            "min": 0.05111221596598625,
            "max": 0.08926122635602951,
            "count": 2
        },
        "MLTDBehavior.Policy.ExtrinsicValueEstimate.sum": {
            "value": 75.60425567626953,
            "min": 44.00761795043945,
            "max": 75.60425567626953,
            "count": 2
        },
        "MLTDBehavior.Environment.EpisodeLength.mean": {
            "value": 388.6377952755906,
            "min": 335.972602739726,
            "max": 388.6377952755906,
            "count": 2
        },
        "MLTDBehavior.Environment.EpisodeLength.sum": {
            "value": 49357.0,
            "min": 49052.0,
            "max": 49357.0,
            "count": 2
        },
        "MLTDBehavior.Environment.CumulativeReward.mean": {
            "value": 1.4096424278077178,
            "min": 0.3554290155943942,
            "max": 1.4096424278077178,
            "count": 2
        },
        "MLTDBehavior.Environment.CumulativeReward.sum": {
            "value": 179.02458833158016,
            "min": 51.89263627678156,
            "max": 179.02458833158016,
            "count": 2
        },
        "MLTDBehavior.Policy.ExtrinsicReward.mean": {
            "value": 1.4096424278077178,
            "min": 0.3554290155943942,
            "max": 1.4096424278077178,
            "count": 2
        },
        "MLTDBehavior.Policy.ExtrinsicReward.sum": {
            "value": 179.02458833158016,
            "min": 51.89263627678156,
            "max": 179.02458833158016,
            "count": 2
        },
        "MLTDBehavior.Losses.PolicyLoss.mean": {
            "value": 0.022391458716204703,
            "min": 0.01856772994263641,
            "max": 0.022391458716204703,
            "count": 2
        },
        "MLTDBehavior.Losses.PolicyLoss.sum": {
            "value": 0.1119572935810235,
            "min": 0.07427091977054565,
            "max": 0.1119572935810235,
            "count": 2
        },
        "MLTDBehavior.Losses.ValueLoss.mean": {
            "value": 0.680841028491656,
            "min": 0.680841028491656,
            "max": 0.7858955025672912,
            "count": 2
        },
        "MLTDBehavior.Losses.ValueLoss.sum": {
            "value": 3.40420514245828,
            "min": 3.143582010269165,
            "max": 3.40420514245828,
            "count": 2
        },
        "MLTDBehavior.Policy.LearningRate.mean": {
            "value": 0.00025682209439263995,
            "min": 0.00025682209439263995,
            "max": 0.00028457235514255,
            "count": 2
        },
        "MLTDBehavior.Policy.LearningRate.sum": {
            "value": 0.0012841104719631996,
            "min": 0.0011382894205702,
            "max": 0.0012841104719631996,
            "count": 2
        },
        "MLTDBehavior.Policy.Epsilon.mean": {
            "value": 0.18560736000000003,
            "min": 0.18560736000000003,
            "max": 0.19485744999999993,
            "count": 2
        },
        "MLTDBehavior.Policy.Epsilon.sum": {
            "value": 0.9280368000000001,
            "min": 0.7794297999999997,
            "max": 0.9280368000000001,
            "count": 2
        },
        "MLTDBehavior.Policy.Beta.mean": {
            "value": 0.004281807263999999,
            "min": 0.004281807263999999,
            "max": 0.004743386755,
            "count": 2
        },
        "MLTDBehavior.Policy.Beta.sum": {
            "value": 0.021409036319999998,
            "min": 0.01897354702,
            "max": 0.021409036319999998,
            "count": 2
        },
        "MLTDBehavior.IsTraining.mean": {
            "value": 1.0,
            "min": 1.0,
            "max": 1.0,
            "count": 2
        },
        "MLTDBehavior.IsTraining.sum": {
            "value": 1.0,
            "min": 1.0,
            "max": 1.0,
            "count": 2
        }
    },
    "metadata": {
        "timer_format_version": "0.1.0",
        "start_time_seconds": "1695224419",
        "python_version": "3.9.9 (tags/v3.9.9:ccb0e6a, Nov 15 2021, 18:08:50) [MSC v.1929 64 bit (AMD64)]",
        "command_line_arguments": "D:\\Unity Projects\\ml-tower-defense\\venv\\Scripts\\mlagents-learn --force",
        "mlagents_version": "0.30.0",
        "mlagents_envs_version": "0.30.0",
        "communication_protocol_version": "1.5.0",
        "pytorch_version": "1.7.1+cu110",
        "numpy_version": "1.21.2",
        "end_time_seconds": "1695225146"
    },
    "total": 727.1127459,
    "count": 1,
    "self": 0.005554300000085277,
    "children": {
        "run_training.setup": {
            "total": 0.020794700000000055,
            "count": 1,
            "self": 0.020794700000000055
        },
        "TrainerController.start_learning": {
            "total": 727.0863969,
            "count": 1,
            "self": 0.3589208000000781,
            "children": {
                "TrainerController._reset_env": {
                    "total": 16.8752892,
                    "count": 1,
                    "self": 16.8752892
                },
                "TrainerController.advance": {
                    "total": 709.6773652999999,
                    "count": 25972,
                    "self": 0.3302140000082545,
                    "children": {
                        "env_step": {
                            "total": 690.4317990999973,
                            "count": 25972,
                            "self": 602.6704882000021,
                            "children": {
                                "SubprocessEnvManager._take_step": {
                                    "total": 87.52032229999553,
                                    "count": 25973,
                                    "self": 0.9407568999918965,
                                    "children": {
                                        "TorchPolicy.evaluate": {
                                            "total": 86.57956540000363,
                                            "count": 25790,
                                            "self": 86.57956540000363
                                        }
                                    }
                                },
                                "workers": {
                                    "total": 0.24098859999967104,
                                    "count": 25971,
                                    "self": 0.0,
                                    "children": {
                                        "worker_root": {
                                            "total": 615.046965999991,
                                            "count": 25971,
                                            "is_parallel": true,
                                            "self": 125.67127739999165,
                                            "children": {
                                                "steps_from_proto": {
                                                    "total": 0.0014263999999979404,
                                                    "count": 2,
                                                    "is_parallel": true,