{
    "name": "root",
    "metadata": {
        "timer_format_version": "0.1.0",
        "start_time_seconds": "1695243817",
        "python_version": "3.9.9 (tags/v3.9.9:ccb0e6a, Nov 15 2021, 18:08:50) [MSC v.1929 64 bit (AMD64)]",
        "command_line_arguments": "D:\\Unity Projects\\ml-tower-defense\\venv\\Scripts\\mlagents-learn --force",
        "mlagents_version": "0.30.0",
        "mlagents_envs_version": "0.30.0",
        "communication_protocol_version": "1.5.0",
        "pytorch_version": "1.7.1+cu110",
        "numpy_version": "1.21.2",
        "end_time_seconds": "1695243919"
    },
    "total": 101.9961345,
    "count": 1,
    "self": 0.004143700000014405,
    "children": {
        "run_training.setup": {
            "total": 0.021746000000000043,
            "count": 1,
            "self": 0.021746000000000043
        },
        "TrainerController.start_learning": {
            "total": 101.97024479999999,
            "count": 1,
            "self": 0.0035484999999653155,
            "children": {
                "TrainerController._reset_env": {
                    "total": 7.5698571,
                    "count": 1,
                    "self": 7.5698571
                },
                "TrainerController.advance": {
                    "total": 94.29989270000002,
                    "count": 253,
                    "self": 0.0032129000000225005,
                    "children": {
                        "env_step": {
                            "total": 94.2157326,
                            "count": 253,
                            "self": 92.65538349999999,
                            "children": {
                                "SubprocessEnvManager._take_step": {
                                    "total": 1.558180099999996,
                                    "count": 253,
                                    "self": 0.009832800000030062,
                                    "children": {
                                        "TorchPolicy.evaluate": {
                                            "total": 1.548347299999966,
                                            "count": 246,
                                            "self": 1.548347299999966
                                        }
                                    }
                                },
                                "workers": {
                                    "total": 0.002169000000018073,
                                    "count": 252,
                                    "self": 0.0,
                                    "children": {
                                        "worker_root": {
                                            "total": 33.93655659999998,
                                            "count": 252,
                                            "is_parallel": true,
                                            "self": 2.693663899999912,
                                            "children": {
                                                "steps_from_proto": {
                                                    "total": 0.0006786000000005288,
                                                    "count": 1,
                                                    "is_parallel": true,
                                                    "self": 0.00013479999999965742,
                                                    "children": {
                                                        "_process_rank_one_or_two_observation": {
                                                            "total": 0.0005438000000008714,
                                                            "count": 2,
                                                            "is_parallel": true,
                                                            "self": 0.0005438000000008714
                                                        }
                                                    }
                                                },
                                                "UnityEnvironment.step": {
                                                    "total": 31.24221410000007,
                                                    "count": 252,
                                                    "is_parallel": true,
                                                    "self": 0.044313600000052134,
                                                    "children": {
                                                        "UnityEnvironment._generate_step_input": {
                                                            "total": 0.017765399999975173,
                                                            "count": 252,
                                                            "is_parallel": true,
                                                            "self": 0.017765399999975173
                                                        },
                                                        "communicator.exchange": {
                                                            "total": 31.029857800000006,
                                                            "count": 252,
                                                            "is_parallel": true,
                                                            "self": 31.029857800000006
                                                        },
                                                        "steps_from_proto": {
                                                            "total": 0.1502773000000328,
                                                            "count": 252,
                                                            "is_parallel": true,
                                                            "self": 0.02972490000002459,
                                                            "children": {
                                                                "_process_rank_one_or_two_observation": {
                                                                    "total": 0.12055240000000822,
                                                                    "count": 504,
                                                                    "is_parallel": true,
                                                                    "self": 0.12055240000000822
                                                                }
                                                            }
                                                        }
                                                    }
                                                }
                                            }
                                        }
                                    }
                                }
                            }
                        },
                        "trainer_advance": {
                            "total": 0.08094719999999889,
                            "count": 252,
                            "self": 0.004504499999937295,
                            "children": {
                                "process_trajectory": {
                                    "total": 0.07644270000006159,
                                    "count": 252,
                                    "self": 0.07644270000006159
                                }
                            }
                        }
                    }
                },
                "TrainerController._save_models": {
                    "total": 0.09694650000000138,
                    "count": 1,
                    "self": 0.006831599999998161,
                    "children": {
                        "RLTrainer._checkpoint": {
                            "total": 0.09011490000000322,
                            "count": 1,